City_ID,City,Country,Max Temp,Description,Lat,Lng,Hotel Name
1,Tautira,PF,80.74,overcast clouds,-17.7333,-149.15,Pension Oaoa
3,Punta Arenas,CL,50.11,clear sky,-53.15,-70.9167,Hotel Hain
4,Liku,ID,77.45,broken clouds,-0.7275,119.8922,Wahyu
5,Rikitea,PF,78.42,broken clouds,-23.1203,-134.9692,People ThankYou
7,Quelimane,MZ,85.95,scattered clouds,-17.8786,36.8883,Hotel Flamingo
8,Castro,BR,75.69,broken clouds,-24.7911,-50.0119,CHACARA BAILLY
10,Alma,CA,33.42,overcast clouds,48.5501,-71.6491,Hotel Universel
12,Busselton,AU,71.49,scattered clouds,-33.65,115.3333,Observatory Guest House
14,Port Alfred,ZA,76.17,few clouds,-33.5906,26.891,The Halyards Hotel
15,Yeppoon,AU,71.38,moderate rain,-23.1333,150.7333,Villa Mar Colina
16,Kaitangata,NZ,54.05,broken clouds,-46.2817,169.8464,Kaitangata Motor Camp
17,Sesheke,ZM,73.09,moderate rain,-17.4759,24.2968,Protea Hotel by Marriott Zambezi River Lodge
18,Kushima,JP,52.05,overcast clouds,31.4583,131.2333,Hanaoka
19,Kodiak,US,40.51,moderate rain,57.79,-152.4072,Best Western Kodiak Inn And Convention Center
21,Torbay,CA,32.88,heavy snow,47.6666,-52.7314,Gallows Cove
23,West Bay,KY,84.27,scattered clouds,19.3667,-81.4167,Calypso Cove
25,Sao Joao Da Barra,BR,87.89,clear sky,-21.6403,-41.0511,Pousada Porto De Canoas
26,Avarua,CK,80.65,broken clouds,-21.2078,-159.775,Paradise Inn
27,Nieuwpoort,BE,63.23,few clouds,51.1244,2.7735,Hotel Gemeente Huis
28,Sitka,US,39.09,light rain,57.0531,-135.33,Westmark Sitka
30,Mar Del Plata,AR,71.62,clear sky,-38.0023,-57.5575,Gran Hotel Mar del Plata
31,Kapaa,US,69.78,light rain,22.0752,-159.319,Sheraton Kauai Coconut Beach Resort
35,Butaritari,KI,80.62,light rain,3.0707,172.7902,Isles Sunset Lodge
36,Bengkulu,ID,76.87,overcast clouds,-3.8004,102.2655,Grage Hotel Bengkulu
37,Jamestown,US,40.01,clear sky,42.097,-79.2353,Hampton Inn & Suites Jamestown
39,Tshikapa,CD,76.57,overcast clouds,-6.4167,20.8,H√¥tel Tshia-Muntu de Tshikapa
40,Bluff,NZ,59.81,broken clouds,-46.6,168.3333,Bluff Homestead - Guesthouse & Campervan Park
41,Trincomalee,LK,80.28,scattered clouds,8.5711,81.2335,Welcombe Hotel
44,De Panne,BE,63.23,few clouds,51.0792,2.5917,Hotel aan Zee
45,Palmer,US,45.64,broken clouds,42.1584,-72.3287,Wedgewood Motel
47,Kuching,MY,79.02,few clouds,1.55,110.3333,Hilton Kuching
48,Alofi,NU,76.89,overcast clouds,-19.0595,-169.9187,Taloa Heights
51,Ushuaia,AR,47.86,scattered clouds,-54.8,-68.3,Albatross Hotel
52,Mehamn,NO,38.55,light rain,71.0357,27.8492,Mehamn Arctic Hotel AS
53,Lasa,IT,50.88,clear sky,46.6166,10.7002,Pension Feldg√§rtenhof
54,Bredasdorp,ZA,74.52,clear sky,-34.5322,20.0403,Bredasdorp Country Manor
56,Roanoke,US,46.94,overcast clouds,37.271,-79.9414,"The Hotel Roanoke & Conference Center, Curio Collection by Hilton"
58,Copiapo,CL,65.89,clear sky,-27.3667,-70.3333,Antay Casino Hotel
59,Tucupita,VE,83.34,overcast clouds,9.0622,-62.051,Hotel Tucupita Su‚Äãite C.A.
60,Klaksvik,FO,43.72,overcast clouds,62.2266,-6.589,Airbnb rooms
61,Korla,CN,51.98,broken clouds,41.7597,86.1469,Gulisitan Hotel
64,Bitung,ID,77.85,broken clouds,1.4451,125.1824,K2 Lembeh
65,Mercedes,AR,76.64,broken clouds,-34.6515,-59.4307,Posada del Inti Centro
66,Rondonopolis,BR,86.25,broken clouds,-16.4708,-54.6356,Serras Hotel
67,Kahului,US,73.85,clear sky,20.8947,-156.47,Maui Seaside Hotel
68,Da Lat,VN,58.77,overcast clouds,11.9465,108.4419,YK Home Villa Dalat
69,New Norfolk,AU,54.9,clear sky,-42.7826,147.0587,The Shingles Riverside Cottages
71,Hobart,AU,55.26,overcast clouds,-42.8794,147.3294,St Ives Hobart Accommodation Tasmania
74,Geraldton,AU,75.61,clear sky,-28.7667,114.6,Broadwater Mariner Resort
75,Saint-Philippe,RE,81.99,scattered clouds,-21.3585,55.7679,"Chambres d'h√¥te ""La Trinit√©"""
76,Iquique,CL,75.24,few clouds,-20.2208,-70.1431,Backpacker`s Hostel Iquique
77,Porto Seguro,BR,84.72,moderate rain,-16.4497,-39.0647,Porto C√°lem Praia Hotel
78,Port Blair,IN,82.44,thunderstorm,11.6667,92.75,"Welcomhotel By ITC Hotels, Bay Island, Port Blair"
80,Coquimbo,CL,64.13,few clouds,-29.9533,-71.3436,Hotel San Juan
81,Savannah Bight,HN,79.81,clear sky,16.45,-85.85,Villa on Dunbar Rock
83,Skibbereen,IE,50.11,overcast clouds,51.55,-9.2667,The West Cork Hotel
84,Vinh,VN,68.9,broken clouds,18.6667,105.6667,Vuong Hoan 2
85,Nishihara,JP,68.05,broken clouds,26.1842,127.7558,Minshuku Agaihama
89,Esperance,AU,66.04,overcast clouds,-33.8667,121.9,Hospitality Esperance
90,Sawtell,AU,68.18,overcast clouds,-30.3833,153.1,The Bungalow Sawtell
91,Salalah,OM,80.69,clear sky,17.0151,54.0924,"HAMDAN PLAZA HOTEL SALALAH, an HTG Hotel"
92,Mareeba,AU,77.72,overcast clouds,-17.0,145.4333,Trinity Plains Tourist Park
93,Alice Springs,AU,70.21,clear sky,-23.7,133.8833,Desert Palms Alice Springs
97,Chuy,UY,76.28,overcast clouds,-33.6971,-53.4616,Nuevo Hotel Plaza
98,Havelock,US,49.98,overcast clouds,34.8791,-76.9013,Sherwood Motel
100,Hermanus,ZA,78.8,clear sky,-34.4187,19.2345,Misty Waves Boutique Hotel
101,Husavik,IS,37.11,overcast clouds,66.0449,-17.3389,Bjarnab√∫√∞
102,Eureka,US,44.92,clear sky,40.8021,-124.1637,Eureka Inn Trademark By Wyndham
105,Vaini,TO,77.16,few clouds,-21.2,-175.2,Keleti Beach Resort
106,Cayenne,GF,84.24,scattered clouds,4.9333,-52.3333,H√¥tel Le Dronmi
107,Sydney,AU,63.84,light intensity shower rain,-33.8679,151.2073,The Grace Sydney
108,Ribeira Grande,PT,61.2,few clouds,38.5167,-28.7,Quinta da Meia Eira
109,Cape Town,ZA,75.61,clear sky,-33.9258,18.4232,"Radisson Blu Hotel Waterfront, Cape Town"
110,Bereda,ES,55.15,broken clouds,43.2686,-7.5406,Pazo de Verdes
111,Loandjili,CG,84.31,scattered clouds,-4.7561,11.8578,R√©sidence ARCHANGE
112,Rawson,AR,65.97,scattered clouds,-43.3002,-65.1023,Hosteria Sampedro
115,Agadir,MA,72.05,clear sky,30.4202,-9.5982,Iberostar Founty Beach
116,Mataura,NZ,59.49,broken clouds,-46.1927,168.8643,Ellie's Villa
117,Hilo,US,71.62,clear sky,19.7297,-155.09,Hilo Hawaiian Hotel
118,Los Llanos De Aridane,ES,64.15,few clouds,28.6585,-17.9182,Valle Aridane
119,Necochea,AR,70.59,clear sky,-38.5473,-58.7368,dyd -mar Hotel
120,Tiarei,PF,73.42,broken clouds,-17.5333,-149.3333,Le Rocher de Tahiti
121,Vestmannaeyjar,IS,45.59,mist,63.4427,-20.2734,Glamping & Camping
124,Atuona,PF,77.92,scattered clouds,-9.8,-139.0333,Villa Enata
125,Lebu,CL,60.96,clear sky,-37.6167,-73.65,Hostal Las Lilas
126,Vila Franca Do Campo,PT,63.19,overcast clouds,37.7167,-25.4333,Pestana Bahia Praia
128,Kruisfontein,ZA,74.88,broken clouds,-34.0033,24.7314,Oyster Bay House Rental
129,Port Elizabeth,ZA,77.29,few clouds,-33.918,25.5701,39 On Nile Guest House
133,Arnprior,CA,34.57,overcast clouds,45.4334,-76.3494,Country Squire Motel
134,Gizo,SB,81.95,overcast clouds,-8.103,156.8419,Imagination Island
135,Ellsworth,US,44.26,clear sky,44.5434,-68.4195,Hampton Inn Ellsworth/Bar Harbor
136,Ngunguru,NZ,66.13,few clouds,-35.6167,174.5,Pacific Rendezvous Motel Resort
137,Nouadhibou,MR,80.58,clear sky,20.931,-17.0347,El Medina
138,Hithadhoo,MV,82.78,clear sky,-0.6,73.0833,Scoop Guest House
139,Gondanglegi,ID,75.27,moderate rain,-7.7479,112.0132,pondok pesantren mamba'ul 'ulum selo rejo
140,Yulara,AU,71.44,clear sky,-25.2406,130.9889,Desert Gardens Hotel - Ayers Rock Resort
141,Mehran,IR,74.46,overcast clouds,33.1222,46.1646,ÿ®Ÿàÿ™€å⁄© ÿ≤ŸÜÿßŸÜŸá ÿ®Ÿáÿßÿ±
142,Ballina,AU,69.01,overcast clouds,-28.8667,153.5667,Ramada Hotel & Suites by Wyndham Ballina Byron
145,Pokhara,NP,65.08,scattered clouds,28.2333,83.9833,OYO 170 Hotel View Point
146,Shimoda,JP,52.38,scattered clouds,34.6667,138.95,Shimoda Tokyu Hotel
147,Hobyo,SO,79.54,broken clouds,5.3505,48.5268,Halane Hotel and Restaurent
148,Cidreira,BR,82.47,overcast clouds,-30.1811,-50.2056,Hotel Castelo
149,Jinchang,CN,48.97,overcast clouds,38.4953,102.1739,Mingshihui Jinchang International Hotel
150,Laem Sing,TH,84.15,scattered clouds,12.4816,102.0738,Laemsing Whitehouse Resort
152,Goderich,CA,30.9,overcast clouds,43.7501,-81.7165,Harmony Inn
153,Saint-Francois,FR,60.67,clear sky,46.4154,3.9054,Manoir Du Bonheur
154,Awjilah,LY,59.83,clear sky,29.1081,21.2869,ÿßŸÑŸÖŸÜÿ≤ŸÑ
155,Petropavlovsk-Kamchatskiy,RU,32.59,broken clouds,53.0452,158.6483,The Hotel Petropavlovsky
156,Muroto,JP,56.43,overcast clouds,33.2833,134.15,Oota Ryokan
157,Zemio,CF,87.93,overcast clouds,5.0314,25.1361,OCHA Office
158,Prince Rupert,CA,40.69,light rain,54.3161,-130.3201,Crest Hotel
159,Caravelas,BR,83.23,moderate rain,-17.7125,-39.2481,Pousada dos Navegantes
160,Isoka,ZM,66.76,moderate rain,-10.1606,32.6335,Location Compound
161,Manono,CD,77.86,overcast clouds,-7.3,27.4167,Hotel hewa bora
162,Bilma,NE,86.49,clear sky,18.6853,12.9164,Expeditions T√©n√©re voyages
165,Bambous Virieux,MU,80.85,scattered clouds,-20.3428,57.7575,Casa Tia Villa
166,Dodoma,TZ,82.31,scattered clouds,-6.1722,35.7395,Royal Village Hotel
167,Katsuura,JP,52.79,overcast clouds,35.1333,140.3,Katsuura Hotel Mikazuki
170,San Policarpo,PH,79.7,broken clouds,12.1791,125.5072,Agapita M. Nicart
171,Tecoanapa,MX,81.12,clear sky,16.5167,-98.75,Hotel Manglares
173,Ponta Do Sol,PT,69.12,scattered clouds,32.6667,-17.1,Hotel do Campo
174,Namibe,AO,75.65,few clouds,-15.1961,12.1522,Hotel Chik Chik Namibe
175,Shingu,JP,44.4,broken clouds,33.7333,135.9833,Shingu UI Hotel
176,Bairiki,KI,78.8,light rain,1.3292,172.9752,Tarawa Boutique Hotel
177,Umm Lajj,SA,72.84,overcast clouds,25.0213,37.2685,Moon light Furnished Units
178,Kabompo,ZM,71.47,overcast clouds,-13.5927,24.2008,Big Tree
179,Cacoal,BR,79.2,overcast clouds,-11.4386,-61.4472,Hotel BR 364
180,Hazorasp,UZ,55.24,overcast clouds,41.3194,61.0742,Kemping wifi hotel
181,Guerrero Negro,MX,60.87,clear sky,27.9769,-114.0611,"Casa Laguna, Bed & Breakfast"
183,Teguise,ES,61.02,few clouds,29.0605,-13.564,B&B La Casona de Nazaret
187,Saint-Pierre,RE,82.08,clear sky,-21.3393,55.4781,Lindsey H√¥tel
188,Quatre Cocos,MU,80.71,clear sky,-20.2078,57.7625,Sunrise Attitude Hotel
191,Sur,OM,80.78,clear sky,22.5667,59.5289,Sur Plaza Hotel
192,Ribeira Brava,PT,69.12,few clouds,32.65,-17.0667,Hotel do Campo
194,Hamilton,US,48.74,broken clouds,39.1834,-84.5333,Six Acres Bed & Breakfast
195,Georgetown,MY,82.35,few clouds,5.4112,100.3354,Cititel Penang
196,Kloulklubed,PW,75.7,overcast clouds,7.0419,134.2556,Storyboard Beach Resort
197,Cabo San Lucas,MX,68.5,clear sky,22.8909,-109.9124,Hotel Tesoro Los Cabos
198,Moundsville,US,44.87,broken clouds,39.9203,-80.7431,Sleep Inn & Suites
199,Ahipara,NZ,62.42,few clouds,-35.1667,173.1667,Ahipara Holiday Park
200,Taltal,CL,69.42,scattered clouds,-25.4,-70.4833,Residencial Karime
201,Barcelona,ES,61.84,scattered clouds,41.3888,2.159,Axel Hotel Barcelona
202,San Quintin,MX,57.42,few clouds,30.4833,-115.95,Don Eddie's Sport Fishing Center
203,Weilheim,DE,52.95,clear sky,47.8333,11.15,Hotel Vollmann
204,Binga,ZW,79.21,few clouds,-17.6203,27.3414,Lakeview Inn Binga
205,Camana,PE,76.5,broken clouds,-16.6228,-72.7111,Hostal Morales
206,Foix,FR,52.09,overcast clouds,42.8333,1.5833,R√©sidence Thermale du Parc
207,Fuerte,PH,77.83,broken clouds,17.5381,120.3644,Giordion Inn
210,Puyang,CN,58.98,broken clouds,29.4603,119.8861,Xianhua Sandalwood Celebrity Hotel
212,Saint George,US,43.63,broken clouds,37.1041,-113.5841,Best Western Plus Abbey Inn
213,Karabulak,RU,32.99,overcast clouds,43.3036,44.8964,"Baza Otdykha ""Russkaya Banya"""
214,Cukai,MY,78.75,overcast clouds,4.25,103.4167,OYO 90038 Dalyla Inn Chalet
216,Puerto Ayora,EC,84.16,broken clouds,-0.7393,-90.3518,Finch Bay Galapagos Hotel
218,Victor Harbor,AU,61.0,clear sky,-35.5667,138.6167,McCracken Country Club
219,Sorland,NO,42.66,broken clouds,67.667,12.6934,Sjybrygga fiskecamp
220,Nouakchott,MR,81.16,clear sky,18.0858,-15.9785,HOTEL IMAN
222,Chicama,PE,66.74,scattered clouds,-7.8447,-79.1469,Balihai Bungalows
223,Marsa Matruh,EG,57.4,broken clouds,31.3525,27.2453,Beau Site
225,Mineros,BO,85.37,overcast clouds,-17.1167,-63.2333,Colpacaranda Eco Resort
226,Sept-Iles,CA,30.72,broken clouds,50.2001,-66.3821,Comfort Inn
227,Isangel,VU,73.51,overcast clouds,-19.55,169.2667,Tanna Lodge
228,Broome,US,42.1,clear sky,42.2506,-75.833,Chenango Valley State Park
230,Perpignan,FR,62.24,clear sky,42.75,2.75,Le moulin a huile de l'agly
231,Ono,JP,47.14,broken clouds,34.85,134.9333,„Ç™„Éº„É© Â∞èÈáéÂ∫ó
232,Acarau,BR,84.76,overcast clouds,-2.8856,-40.12,castelo pizzaria
234,Mount Gambier,AU,48.11,broken clouds,-37.8333,140.7667,The Commodore
236,San Patricio,US,60.87,scattered clouds,28.017,-97.5169,"Motel 6 Sinton, TX"
237,Half Moon Bay,US,56.3,clear sky,37.4636,-122.4286,"The Ritz-Carlton, Half Moon Bay"
238,Launceston,AU,51.62,clear sky,-41.45,147.1667,Hotel Grand Chancellor Launceston
239,General Roca,AR,72.3,broken clouds,-39.0333,-67.5833,Hotel El Recreo
241,Sayyan,YE,66.96,overcast clouds,15.1718,44.3244,ŸÖŸÑÿßÿ∑ŸÅ ÿßÿ®Ÿàÿ≠Ÿàÿ±Ÿäÿ©
242,Caldas Novas,BR,84.83,overcast clouds,-17.7417,-48.625,Best Western Suites Le Jardin Caldas Novas
245,Carnarvon,AU,78.87,clear sky,-24.8667,113.6333,Hospitality Carnarvon
247,Uige,AO,75.0,moderate rain,-7.6087,15.0613,Hotel Catraio
248,Tomohon,ID,68.94,broken clouds,1.3346,124.8392,Gardenia Country Inn
249,Halifax,CA,38.52,scattered clouds,44.6453,-63.5724,Hotel Halifax
250,Hambantota,LK,80.94,few clouds,6.1241,81.1185,Bungalow 63
252,Nantucket,US,44.65,few clouds,41.2835,-70.0995,Jared Coffin House
253,Victoria,HK,71.19,clear sky,22.2855,114.1577,Mini Hotel Central
255,Belmonte,BR,84.63,few clouds,-15.8631,-38.8828,Pousada Monte Carmelo O P√£o
257,Jumla,NP,45.43,overcast clouds,29.2747,82.1838,Royal Garden Hotel
258,Sao Filipe,CV,72.55,clear sky,14.8961,-24.4956,Hotel Xaguate
260,Nagato,JP,43.2,overcast clouds,34.3833,131.2,„ÅÑ„Åù„ÅÜÂ∫µ
261,Dingle,PH,75.94,broken clouds,10.9995,122.6711,SEGAYA PROPERTY
262,Coihaique,CL,61.41,scattered clouds,-45.5752,-72.0662,Diego De Almagro Coyhaique
263,Miranda,CO,81.64,broken clouds,3.2499,-76.2281,unidiversidad organica la utopia
264,Mount Isa,AU,89.37,light rain,-20.7333,139.5,ibis Styles Mt Isa Verona
265,Bubaque,GW,76.93,overcast clouds,11.2833,-15.8333,"Casa Dora, Bubaque"
267,Zhangzhou,CN,58.93,clear sky,24.5133,117.6556,Crowne Plaza Zhangzhou
268,Diego De Almagro,CL,78.82,clear sky,-26.3667,-70.05,hotel luna del desierto
269,Aliwal North,ZA,75.92,overcast clouds,-30.6937,26.7114,Queens Terrace B&B
270,Nata,PA,82.27,clear sky,8.3333,-80.5167,Rey David
272,Toccoa,US,52.18,overcast clouds,34.5773,-83.3324,Quality Inn
274,Mayo,US,48.13,clear sky,38.8876,-76.5119,Resorts Resource Group International
277,Richards Bay,ZA,78.03,clear sky,-28.783,32.0377,BON Hotel Waterfront Richards Bay
278,Victoria Point,AU,72.45,broken clouds,-27.5833,153.3,Bay Retreat Motel
279,Omboue,GA,81.16,light rain,-1.5746,9.2618,Hotel Olako
280,Noumea,NC,80.01,scattered clouds,-22.2763,166.4572,H√¥tel Le Lagon
281,East London,ZA,77.94,clear sky,-33.0153,27.9116,Tu Casa
284,Ballitoville,ZA,80.74,few clouds,-29.539,31.2144,Hampshire Hotel-Ballito
285,Nizwa,OM,83.14,clear sky,22.9333,57.5333,Orient Apartments
287,Amuntai,ID,75.96,overcast clouds,-2.4177,115.2494,Hotel Balqis
288,Cockburn Town,TC,80.56,scattered clouds,21.4612,-71.1419,Osprey Beach Hotel
289,Sibolga,ID,76.75,overcast clouds,1.7427,98.7792,Hotel Syariah CN Darussalam
290,Carutapera,BR,82.74,overcast clouds,-1.195,-46.02,Lidera
291,Inhambane,MZ,85.98,scattered clouds,-23.865,35.3833,Oceano
292,Bethel,US,42.89,overcast clouds,41.3712,-73.414,Courtyard by Marriott Danbury
293,San Juan De Los Morros,VE,86.79,broken clouds,9.9115,-67.3538,Hotel La Monta√±a
296,Saint-Paul,RE,82.51,light rain,-21.0096,55.2707,Boucan Canot
297,Fortuna,US,44.65,overcast clouds,40.5982,-124.1573,Super 8 by Wyndham Fortuna
299,Nordhausen,DE,52.68,clear sky,51.5167,10.8,Hotel Nordhausen
300,Ponferrada,ES,57.45,overcast clouds,42.5466,-6.5962,Hotel Temple Ponferrada
301,Bayonet Point,US,82.94,broken clouds,28.3267,-82.6834,"Holiday Inn Express & Suites Port Richey, an IHG Hotel"
302,Naze,JP,57.85,overcast clouds,28.3667,129.4833,Shishime Hotel
303,Emerald,AU,73.54,scattered clouds,-23.5333,148.1667,The Irish Village
305,Doha,QA,80.91,clear sky,25.2867,51.5333,Movenpick Hotel Doha
306,Faya,SA,75.31,scattered clouds,18.3851,42.4509,ÿßŸÖŸÑÿßŸÉ ÿÆÿßŸÑÿØ ÿßŸÑÿ¥ÿπÿ¥Ÿàÿπ
307,Bathsheba,BB,83.01,scattered clouds,13.2167,-59.5167,Atlantis Hotel
308,Namatanai,PG,79.05,overcast clouds,-3.6667,152.4333,Seagulls Inn Namatani
310,Lahaina,US,75.81,clear sky,20.8783,-156.6825,Lahaina Shores Beach Resort
312,Nhulunbuy,AU,83.01,clear sky,-12.2333,136.7667,East Arnhem Real Estate
318,Eresos,GR,41.52,overcast clouds,39.1667,25.9333,Studio Aspa
319,Oga,IT,44.37,clear sky,46.4631,10.347,QC Terme Bagni di Bormio Bagni Nuovi
320,Arraial Do Cabo,BR,89.56,clear sky,-22.9661,-42.0278,Pousada Porto Praia
321,Trairi,BR,85.57,overcast clouds,-3.2778,-39.2689,janelas do mar
322,Lagoa,PT,56.62,overcast clouds,39.05,-27.9833,Casa Das Faias
324,Faanui,PF,79.81,light rain,-16.4833,-151.75,Bora-Bora Pearl Beach Resort & Spa
325,Luau,AO,73.63,light rain,-10.7073,22.2247,Casa- Bernardo C√¢ndido
326,Andenes,NO,40.98,broken clouds,69.3143,16.1194,Hotell Marena
327,Biloela,AU,72.28,overcast clouds,-24.4167,150.5,Biloela Silo Motor Inn
328,Vao,NC,79.11,broken clouds,-22.6667,167.4833,Hotel Kou-Bugny
329,Hervey Bay,AU,76.01,overcast clouds,-25.2986,152.8535,Shelly Bay Resort
332,Pisco,PE,73.45,clear sky,-13.7,-76.2167,Hotel San Isidro Oficial
334,Te Anau,NZ,54.91,overcast clouds,-45.4167,167.7167,Kingsgate Hotel Te Anau
335,Port Macquarie,AU,66.88,overcast clouds,-31.4333,152.9167,Rydges Port Macquarie
336,La Roche-Sur-Yon,FR,53.87,light rain,46.6667,-1.4333,"The Originals City, H√¥tel Napol√©on, La Roche-sur-Yon (Inter-Hotel)"
337,Lalibela,ET,72.91,broken clouds,12.0333,39.0333,Honey Land Hotel Lalibela
338,Eirunepe,BR,83.98,overcast clouds,-6.6603,-69.8736,Atr√°s de voc√™
342,Florence,IT,62.29,clear sky,43.7667,11.25,Hotel Nuova Italia
343,Bhag,PK,83.28,clear sky,29.0415,67.8239,Bukhari hotl
345,Shelburne,CA,31.91,overcast clouds,44.0787,-80.2041,The Retreat at the Farm
349,Fomboni,KM,78.19,light rain,-12.28,43.7425,Auberge les abou
350,Oyabe,JP,37.89,clear sky,36.676,136.8672,wabisabi isurugi kashiwaya
353,Bandarbeyla,SO,78.71,overcast clouds,9.4942,50.8122,JABIR HOTEL
356,Bud,US,44.74,overcast clouds,39.447,-86.1758,Ted McQuinn Trust
358,Ancud,CL,59.23,broken clouds,-41.8697,-73.8203,Hotel Arena Gruesa
360,Kavieng,PG,81.55,overcast clouds,-2.5744,150.7967,Nusa Island Retreat
361,Flinders,AU,64.18,overcast clouds,-34.5833,150.8552,Shellharbour Resort & Conference Centre
363,Saldanha,ZA,82.45,few clouds,-33.0117,17.9442,Blue Bay Lodge
364,Rincon,US,67.95,overcast clouds,32.296,-81.2354,Days Inn Rincon
365,Margate,GB,56.3,scattered clouds,51.3813,1.3862,Premier Inn Margate hotel
366,Tuatapere,NZ,58.78,overcast clouds,-46.1333,167.6833,Ron and Tony's Bed & Breakfast
367,Vanimo,PG,77.29,overcast clouds,-2.6741,141.3028,Vahmoneh Lodge Vanimo
369,Chamouny,MU,79.83,clear sky,-20.4822,57.4661,Shanti Maurice Resort & Spa
370,Xining,CN,48.92,few clouds,36.6167,101.7667,Super Leisure Hotel
371,Jieshi,CN,66.56,clear sky,22.8134,115.8257,Yuehai Hotel
372,Jalu,LY,60.04,clear sky,29.0331,21.5482,ÿµÿßÿ≠ÿ®ÿ© ÿßŸÑŸÅÿÆÿßŸÖÿ©
373,Skjervoy,NO,44.6,broken clouds,70.0311,20.9714,Skjerv√∏y fiskecamp AS
374,San Cristobal,VE,71.78,scattered clouds,7.7669,-72.225,Pirineos
375,Qazvin,IR,60.42,broken clouds,36.2797,50.0049,MarMar Hotel
378,Savonlinna,FI,30.25,clear sky,61.8699,28.88,Spahotel Casino
379,Labrea,BR,77.76,overcast clouds,-7.2586,-64.7981,Hotel Novo Horizonte
380,Carballo,ES,61.43,broken clouds,43.213,-8.691,Pazo do Souto
381,Buala,SB,79.14,scattered clouds,-8.145,159.5921,Maringe Lagoon Lodge
382,Hirara,JP,67.82,overcast clouds,24.8,125.2833,Hotel Atoll Emerald Miyakojima
384,Makat,KZ,31.03,light snow,47.6469,53.3463,Umit
386,Oudtshoorn,ZA,70.16,clear sky,-33.5907,22.2014,Earthbound Guest House
387,Rocha,UY,74.17,overcast clouds,-34.4833,-54.3333,Hotel Arrarte
388,Manbij,SY,48.76,overcast clouds,36.5281,37.9549,Manbej City Hotel
389,Allonnes,FR,57.24,broken clouds,47.9674,0.1581,ibis Styles Le Mans Centre Gare
390,Codrington,AU,55.11,few clouds,-38.2667,141.9667,Codrington Gardens Bed And Breakfast
391,Tubuala,PA,80.83,few clouds,9.5167,-79.0333,R√≠o Nabagana
394,Sarangani,PH,82.49,broken clouds,5.4033,125.4636,Ballistic Islet
395,Lilongwe,MW,68.79,light rain,-13.9669,33.7873,Spendwise furnished apartments.
396,Pochutla,MX,87.82,clear sky,15.7432,-96.4661,Hotel Posada San Jose
397,Banjar,ID,78.19,overcast clouds,-8.19,114.9675,The Hamsa Resort
400,Simdega,IN,74.5,broken clouds,22.6167,84.5167,Circuit House
401,Lima,PE,75.38,scattered clouds,-12.0432,-77.0282,Hotel Kamana
403,Santa Maria,BR,76.3,moderate rain,-29.6842,-53.8069,Hotel Morotin
404,Gawler,AU,63.48,few clouds,-34.6,138.7333,Eagle Foundry Bed & Breakfast
405,Gat,IL,59.81,few clouds,31.61,34.7642,OlusHome
407,Zhanakorgan,KZ,50.76,overcast clouds,43.9098,67.2495,"""–ê“õ–ø–∞–ª–∞—Å"" “õ–æ–Ω–∞“õ “Ø–π—ñ"
408,Pasighat,IN,73.44,clear sky,28.0667,95.3333,Siang Guest House
409,Mbulu,TZ,65.52,broken clouds,-3.85,35.5333,Pasila Lodge
410,Kiunga,PG,71.53,moderate rain,-6.1219,141.2906,Airport Lodge Kiunga
411,Clarksburg,US,46.31,broken clouds,39.2807,-80.3445,Greenbrier Motel & Restaurant
412,Solo,PH,77.38,overcast clouds,13.7469,120.9012,King Solomon Dive Resort
414,Male,MV,84.15,few clouds,4.1748,73.5089,Hotel Octave Maldives
416,Mahebourg,MU,80.89,scattered clouds,-20.4081,57.7,Shandrani Beachcomber Resort & Spa
417,Middelburg,ZA,74.55,overcast clouds,-25.7751,29.4648,Oregon Place Guest House
418,Roura,GF,84.11,scattered clouds,4.7263,-52.3274,Amazonie D√©couverte SARL
419,Lorengau,PG,79.7,overcast clouds,-2.0226,147.2712,Lorengau Harbourside Hotel
420,Bell Ville,AR,77.81,scattered clouds,-32.6259,-62.6887,Hotel Central
422,Kununurra,AU,80.58,broken clouds,-15.7667,128.7333,Hotel Kununurra
423,Inyonga,TZ,71.02,overcast clouds,-6.7167,32.0667,Eden Rock Lodge
425,Waitati,NZ,57.0,broken clouds,-45.75,170.5667,Arden Country House BnB Dunedin
426,Constantine,DZ,60.21,scattered clouds,36.365,6.6147,Grand Hotel Cirta
427,Orel-Izumrud,RU,42.82,overcast clouds,43.4583,39.9244,Strana Magnoliy
428,Shakiso,ET,75.13,overcast clouds,5.75,38.9167,Bealu Girma Hottel
429,Quthing,LS,73.6,scattered clouds,-30.4,27.7003,Mountainside Hotel
430,Rorvik,NO,41.11,light rain,64.8621,11.2373,Kysthotellet R√∏rvik AS
431,Hasaki,JP,43.2,few clouds,35.7333,140.8333,Inubosaki Kanko Hotel
433,Dores Do Indaia,BR,84.63,clear sky,-19.4633,-45.6017,Hotel Central Dorense
434,Uvira,CD,82.53,broken clouds,-3.4067,29.1458,Hotel Suzana
435,Weligama,LK,78.19,few clouds,5.9667,80.4167,Weligama Bay Resort
436,Daru,PG,78.87,overcast clouds,-9.0763,143.2092,Daru Lodge
438,Iringa,TZ,67.32,light rain,-7.7667,35.7,M.R. Hotels ltd.
440,Manggar,ID,79.09,broken clouds,-2.8833,108.2667,Guest Hotel
441,Yoichi,JP,32.79,broken clouds,43.2039,140.7703,Marumatta Farm 21
442,Macapa,BR,84.18,broken clouds,0.0389,-51.0664,Atalanta Hotel
443,La Romana,DO,84.56,broken clouds,18.4273,-68.9728,Casa de Campo Resort and Villas
446,Mecca,SA,82.0,clear sky,21.4267,39.8261,"Makkah Clock Royal Tower, A Fairmont Hotel"
447,Sarkand,KZ,34.54,overcast clouds,45.41,79.9186,–ì–æ—Å—Ç–∏–Ω–∏—Ü–∞ –°–∞—Ä–∫–∞–Ω–¥
448,Pointe Michel,DM,80.89,broken clouds,15.25,-61.3833,Castle Comfort Lodge Dive Dominica
449,Hami,CN,50.4,overcast clouds,42.8,93.45,Laoyutang Resort
450,Plettenberg Bay,ZA,70.57,few clouds,-34.0527,23.3716,Thanda Vista B&B
451,Hyeres,FR,59.65,broken clouds,43.1167,6.1167,ibis budget Hy√®res Centre-Ville
454,Tarauaca,BR,88.25,overcast clouds,-8.1614,-70.7656,Flat Temporada
455,Moron,AR,77.02,broken clouds,-34.6534,-58.6198,Hotel Mor√≥n
457,Tel Aviv-Yafo,IL,61.11,few clouds,32.0805,34.7805,Ben Yehuda apartments
459,Sakakah,SA,74.77,broken clouds,29.9697,40.2064,Fakhamat Al Orjoana Apartment
463,Burnie,AU,54.91,clear sky,-41.0667,145.9167,Beachfront Voyager Motor Inn
466,Pahrump,US,51.26,broken clouds,36.2083,-115.9839,Best Western Pahrump Oasis
468,Nivala,FI,34.68,overcast clouds,63.9167,24.9667,Hotelli Huiskankorpi / Aseman majatalo
469,Natal,BR,89.82,scattered clouds,-5.795,-35.2094,Villa Park Hotel | Natal
470,Talen,IN,77.77,scattered clouds,23.5667,76.7167,‡§π‡•ã‡§ü‡§≤ ‡§Ü‡§®‡§Ç‡§¶ ‡§™‡•à‡§≤‡•á‡§∏
472,Nowy Dwor Gdanski,PL,38.97,clear sky,54.2131,19.1177,Ranczo Ryki
473,Limbang,MY,78.06,overcast clouds,4.75,115.0,Purnama Hotel
474,Venustiano Carranza,MX,67.98,clear sky,19.43,-99.0992,We Hotel Aeropuerto
476,Sainte-Marie,RE,82.56,scattered clouds,-20.8968,55.5496,Les pailles en queue de Sainte Marie
477,Vagur,FO,43.92,overcast clouds,61.4732,-6.8119,Budget Guesthouse Borgustova
478,Comodoro Rivadavia,AR,64.26,few clouds,-45.8667,-67.5,Austral Hotel
482,Porbandar,IN,79.63,clear sky,21.6422,69.6093,Lords Inn Porbandar
483,Kudahuvadhoo,MV,83.05,clear sky,2.6708,72.8944,Niyama Private Islands Maldives
485,Ishigaki,JP,69.58,overcast clouds,24.3448,124.1572,Hotel Peace Land Ishigakijima
486,Itoman,JP,68.77,broken clouds,26.1247,127.6694,Southern Beach Hotel & Resort Okinawa
487,Jaciara,BR,82.87,broken clouds,-15.9653,-54.9683,Taba Hotel
491,Hualmay,PE,76.3,overcast clouds,-11.0964,-77.6139,Hotel Villa Kitzia Huacho
492,Visby,SE,37.62,clear sky,57.6409,18.296,Best Western Solhem Hotel Visby
493,Westport,US,43.29,clear sky,41.1415,-73.3579,The Inn at Longshore
494,Lata,PT,59.07,overcast clouds,40.1629,-8.3327,Casa Maquia
495,Gouyave,GD,84.97,scattered clouds,12.1646,-61.7296,Rumboat Retreat
496,Camopi,GF,79.48,overcast clouds,3.1655,-52.3158,La pousada
498,Boden,SE,39.2,overcast clouds,65.8252,21.6886,Quality Hotel Bodensia
501,Encruzilhada Do Sul,BR,67.33,overcast clouds,-30.5439,-52.5219,Concei√ß√£o Palace Hotel
502,Port-Gentil,GA,85.96,few clouds,-0.7193,8.7815,Fengshui Residence
503,Kashan,IR,70.03,overcast clouds,33.9831,51.4364,Manouchehri Traditional House
504,Gweta,BW,85.44,broken clouds,-20.1833,25.2333,Gweta Lodge
505,Indramayu,ID,80.28,overcast clouds,-6.3264,108.32,Grand Trisula Hotel
506,Axim,GH,85.55,overcast clouds,4.8699,-2.2405,Axim Beach Resort And Spa
507,Nurota,UZ,60.19,overcast clouds,40.5614,65.6886,Guest House Ruslan Nurata & Tours
508,Auki,SB,77.2,scattered clouds,-8.7676,160.7034,Auki Motel
510,Yabrud,SY,36.63,scattered clouds,33.9674,36.6574,ÿµÿßŸÑÿ© ÿßŸÅÿ±ÿßÿ≠ ÿßŸÑÿßŸÜÿØŸÑÿ≥
512,Reconquista,AR,68.02,moderate rain,-29.15,-59.65,Grand Hotel
514,Nijar,ES,59.65,clear sky,36.9665,-2.206,La Casa del Cine
516,Porto Novo,BJ,88.63,overcast clouds,6.4965,2.6036,Tour Eiffel Hotel Benin
520,Umrala,IN,86.38,clear sky,21.8333,71.8167,Gopalwadi Balmndir
521,Prudentopolis,BR,81.82,overcast clouds,-25.2131,-50.9778,Mayn√° Hotel Prudent√≥polis
522,Boa Vista,BR,84.18,broken clouds,2.8197,-60.6733,Aipana Plaza Hotel
524,Narasannapeta,IN,75.58,clear sky,18.4167,84.05,AVK events and catering
525,Sao Gabriel Da Cachoeira,BR,87.6,scattered clouds,-0.1303,-67.0892,Alarne - √Årea De Lazer Do Alto Rio Negro
526,Roma,US,37.72,light rain,43.2128,-75.4557,Wingate By Wyndham Rome
527,Kiama,AU,64.38,overcast clouds,-34.6833,150.8667,The Sebel Kiama Harbourside
529,Ixtapa,MX,76.86,scattered clouds,20.7,-105.2,hotel la terminal
532,Manokwari,ID,78.26,broken clouds,-0.8667,134.0833,Swiss Belhotel Manokwari
535,Puerto Madryn,AR,68.0,scattered clouds,-42.7692,-65.0385,Hotel Tolosa
536,Demba,CD,79.9,overcast clouds,-5.51,22.2667,Guest House Du Cinquantenaire
537,Sao Luis,BR,80.8,broken clouds,-2.5297,-44.3028,Solar das Pedras Hostel
538,Gejiu,CN,50.5,scattered clouds,23.306,103.1635,Yixuanzhuang Banshan Guesthouse
539,Port Augusta,AU,65.19,clear sky,-32.5,137.7667,Majestic Oasis Apartments
540,Rabaul,PG,80.04,overcast clouds,-4.1967,152.1721,Rabaul Hotel
541,Pontes E Lacerda,BR,76.32,overcast clouds,-15.2261,-59.3353,Hotel Bressan
542,Nikko,JP,31.82,few clouds,36.75,139.6167,Nikko Senhime Monogatari
543,Moranbah,AU,74.14,broken clouds,-22.0016,148.0466,Direct Hotels - Monterey Moranbah
544,Jaru,BR,78.64,overcast clouds,-10.4389,-62.4664,Hotel Paran√°
545,Broken Hill,AU,62.31,overcast clouds,-31.95,141.4333,Royal Exchange Hotel
548,Camacha,PT,63.82,scattered clouds,33.0833,-16.3333,Hotel Porto Santo & Spa
549,Ixcatepec,MX,69.71,few clouds,21.2,-97.95,Sierra de Otontepec
550,Zlitan,LY,56.21,few clouds,32.4674,14.5687,ÿßŸÑŸÇÿ≥ŸÖ ÿßŸÑÿØÿßÿÆŸÑŸä ŸÑŸÑÿ¨ÿßŸÖÿπÿ© ÿßŸÑÿ£ÿ≥ŸÖÿ±Ÿäÿ©
551,Nemuro,JP,31.14,clear sky,43.3236,145.575,Hotel Nemuro Kaiyoutei
553,Meadow Lake,US,47.57,overcast clouds,34.8014,-106.5436,TumbleWeed RV Park
554,Kavaratti,IN,82.65,clear sky,10.5669,72.642,Hotels in Lakshadweep Islands
556,Galveston,US,61.03,clear sky,29.3669,-94.9669,Crystal Suites
558,Lompoc,US,53.78,clear sky,34.6391,-120.4579,"Holiday Inn Express Lompoc, an IHG Hotel"
559,Constitucion,CL,67.57,clear sky,-35.3333,-72.4167,Hotel Boutique Las Azucenas
560,Itarema,BR,85.64,overcast clouds,-2.9248,-39.9167,"Sea Lounge! Bar, Club & Restaurant"
561,Sandwick,GB,48.02,broken clouds,60.0,-1.25,Beach House Self-Catering Accomodation
562,Inirida,CO,87.71,broken clouds,3.8653,-67.9239,Fuente del Guania Hotel de Lujo
566,Huarmey,PE,76.98,broken clouds,-10.0681,-78.1522,Hotel Miramar
569,Marienburg,PL,38.88,clear sky,54.0359,19.0266,Hotel Centrum Malbork
570,Maceio,BR,81.84,broken clouds,-9.6658,-35.7353,Hotel Ponta Verde Macei√≥
571,Shache,CN,56.86,broken clouds,38.4167,77.2406,Delong Hotel
573,Intipuca,SV,89.83,clear sky,13.1969,-88.0544,Tropiclub Playa El Cuco
575,The Valley,AI,82.26,few clouds,18.217,-63.0578,CeBlue Villas & Beach Resort
577,Katesh,TZ,65.39,light rain,-4.5167,35.3833,Colt Guest House
579,Cairns,AU,82.35,scattered clouds,-16.9167,145.7667,Mantra Trilogy Cairns
580,Akhtubinsk,RU,30.33,broken clouds,48.2795,46.1722,Vzlet
581,Houma,US,61.0,overcast clouds,29.5958,-90.7195,Courtyard by Marriott Houma
582,Pingliang,CN,52.95,clear sky,35.5392,106.6861,North Gate Hostel
583,Vaitape,PF,79.81,light rain,-16.5167,-151.75,Conrad Bora Bora Nui
584,Tateyama,JP,54.7,overcast clouds,34.9833,139.8667,Tateyama Seaside Hotel
585,Honningsvag,NO,37.15,broken clouds,70.9821,25.9704,Nordkapp Vandrerhjem
586,Karratha,AU,87.22,clear sky,-20.7377,116.8463,ibis Styles Karratha
588,Kulhudhuffushi,MV,82.89,clear sky,6.6221,73.07,Haajy Guest House 1
590,Utete,TZ,80.11,overcast clouds,-7.986,38.758,River View Lodge
591,Thio,NC,73.36,broken clouds,-21.6167,166.2167,La Ferme de Thio
592,Bhadrachalam,IN,80.92,clear sky,17.6667,80.8833,Hotel Srinidhi Residency
593,Nanchong,CN,70.34,scattered clouds,30.7951,106.0847,Marine Una Century Hotel
594,Peniche,PT,61.11,overcast clouds,39.3558,-9.3811,Hotel Star inn Peniche
595,Svetlyy,RU,35.65,few clouds,54.675,20.1347,"Gostinitsa-Kafe, Alena"
596,Souillac,MU,80.98,scattered clouds,-20.5167,57.5167,Shanti Maurice Resort & Spa
597,Port Keats,AU,81.79,broken clouds,-14.25,129.55,TDC Village (Hundred Man Camp)
598,Phangnga,TH,82.44,broken clouds,8.4509,98.5298,Sunimit Mansion
599,Oriximina,BR,78.71,light rain,-1.7656,-55.8661,Pousada Tia Am√©lia
600,Chor,PK,84.94,clear sky,25.5167,69.7667,Asad U Bajeer Hotel
601,Tahta,EG,65.79,scattered clouds,26.7693,31.5021,ŸÅŸÜÿØŸÇ ÿßŸÑÿ≤Ÿäÿßÿ™
602,Kapit,MY,73.11,overcast clouds,2.0167,112.9333,Hotel Meligai Kapit
604,Havoysund,NO,37.63,light rain,70.9963,24.6622,Arctic View Glamping & Restaurant
606,Manica,FR,52.41,overcast clouds,49.0,-1.1667,Gite Lily
608,Waingapu,ID,79.09,few clouds,-9.6567,120.2641,Pondok Wisata Elim
609,Grindavik,IS,41.47,overcast clouds,63.8424,-22.4338,Northern Light Inn & Max's Restaurant
610,Mianwali,PK,70.05,scattered clouds,32.5741,71.5264,Hashmi Plaza
612,Saint-Georges,GD,85.68,scattered clouds,12.0564,-61.7485,Radisson Grenada Beach Resort
613,Kinkala,CG,77.97,moderate rain,-4.3614,14.7644,Hotel la Pepeche Kinkala
614,Praia Da Vitoria,PT,61.05,scattered clouds,38.7333,-27.0667,Hotel Branco I
615,Vicuna,CL,89.76,clear sky,-30.0319,-70.7081,Los Mosaicos
616,Cerro De Pasco,PE,45.46,overcast clouds,-10.6833,-76.2667,PLAZA APART HOTEL
618,Port Lincoln,AU,59.95,few clouds,-34.7333,135.8667,Port Lincoln Hotel
620,Wadi Maliz,TN,64.06,overcast clouds,36.4681,8.5495,HOPITAL
621,Batticaloa,LK,79.07,broken clouds,7.7102,81.6924,Grand Star Guest House
622,Oliveira Do Hospital,PT,60.22,overcast clouds,40.3618,-7.8601,Casa da Bezerra
624,Muros,ES,59.09,broken clouds,42.7762,-9.0603,Apartment Av. Castelao
625,Conde,BR,89.06,broken clouds,-7.2597,-34.9075,Pousada Beija Flor
626,Sinazongwe,ZM,81.91,few clouds,-17.2614,27.4618,Lakeview Lodge
627,Rio Grande,BR,80.71,overcast clouds,-32.035,-52.0986,Hotel Atl√¢ntico Rio Grande
628,Tromso,NO,39.38,light rain,69.6496,18.957,"Radisson Blu Hotel, Troms√∏"
629,Morondava,MG,84.34,overcast clouds,-20.2833,44.2833,La Case Bambou
630,Nelson Bay,AU,70.0,light rain,-32.7167,152.15,Mantra Nelson Bay
631,Thongwa,MM,84.36,few clouds,16.7619,96.5278,Mhaw Wun Marlar Park
632,Nagapattinam,IN,77.29,scattered clouds,10.7667,79.8333,Sathya Lodge
633,Darnah,LY,53.46,broken clouds,32.767,22.6367,ŸÅŸÜÿØŸÇ ÿßŸÑŸÅÿ±ÿØŸàÿ≥
634,Zandvoort,NL,60.94,clear sky,52.3749,4.5341,Pension & Spa de Watertoren
636,Karaton,ID,75.06,overcast clouds,-6.3424,106.1045,Parkir Mobil Wisata CAS Water Park
637,Robertsport,LR,82.33,overcast clouds,6.7533,-11.3686,Kwepunha Retreat
638,Arawa,PG,75.79,overcast clouds,-6.2132,155.5367,Coastline Guest House
642,Talara,PE,84.96,clear sky,-4.5772,-81.2719,Hostal Oro Negro
643,Honiara,SB,77.99,overcast clouds,-9.4333,159.95,Heritage Park Hotel
644,Ihosy,MG,73.04,light rain,-22.4,46.1167,Hotely Sariaka
645,Jacareacanga,BR,76.55,overcast clouds,-6.2222,-57.7528,Casa do Ianüòé
648,Juneau,US,35.22,overcast clouds,58.3019,-134.4197,"Baranof Downtown, BW Signature Collection"
649,Bucarasica,CO,68.9,scattered clouds,8.041,-72.8654,ALTOS DEL BALC√ìN
650,Vila Velha,BR,78.75,moderate rain,-20.3297,-40.2925,Hotel Vit√≥ria Palace
651,Sola,VU,82.42,overcast clouds,-13.8833,167.55,Leumerus Bungalows
